{
  "case": "rms7_plus_feat4_plus_feat8",
  "time": "2026-03-17 16:21",
  "n_features": 9,
  "train_points": 630,
  "test_points": 315,
  "pca_explained_ratio_sum": 0.94623863697052,
  "mmd_rbf_train_vs_test": 0.4047621488571167,
  "coral_train_vs_test": 644.6851806640625,
  "overall_domain_auc_train_vs_test": 1.0,
  "top3_single_feature_domain_auc": [
    {
      "feature": "Feat_19",
      "domain_auc_train_vs_test": 0.9195616024187454
    },
    {
      "feature": "Feat_23",
      "domain_auc_train_vs_test": 0.80623330813807
    },
    {
      "feature": "Feat_15",
      "domain_auc_train_vs_test": 0.7324061476442429
    }
  ],
  "wear_bin_thresholds_train_q33_q67": [
    94.5686264038086,
    116.73503367106119
  ]
}